# id|family|baglam|olasi_olay|olasi_sonuc|sorumlu|seviye1|onlem1|seviye2|onlem2
R-51-01|G51|Başlangıç yangınına güvenli müdahale için taşınabilir söndürücü düzeni|Uygun veya çalışır söndürücüye erişilememesi nedeniyle başlangıç yangınının büyümesi|Duman zehirlenmesi, yanık ve ölüm|Yangın güvenliği sorumlusu|engineering|Söndürücü türünü yangın tehlikesine uygun seçin; görünür ve önü açık erişim sağlayın.|administrative|Bakım, dolum ve kullanım durumunu izleyin; yalnız eğitimli kişinin güvenli kaçış korunurken başlangıç yangınına müdahalesini planlayın.
R-51-02|G51|Elektrik tesisatının kullanım koşulları ve periyodik kontrol bulguları|Tesisattaki tehlikeli kusurun giderilmeden kullanılmaya devam etmesi|Elektrik çarpması, yangın ve ölüm|Elektrik tesis sorumlusu|engineering|Tehlikeli bulunan devreyi kullanım dışı bırakın; rapor bulgusuna uygun teknik düzeltmeyi yetkin kişiye yaptırın.|administrative|Kontrol raporunu kapsadığı tesisat ve son kontrol tarihiyle ilişkilendirin; açık bulguların kapatılmasını yeni rapor varlığından ayrı takip edin.
R-51-03|G51|Elektrikli donanımda koruma iletkeni ve topraklama düzeni|Arıza halinde dokunulabilir gövdede tehlikeli gerilim oluşması|Elektrik çarpması, ağır yanık ve ölüm|Elektrik bakım sorumlusu|engineering|Koruma iletkeni sürekliliğini ve eşpotansiyel bağlantıları uygun teknik düzenle sağlayın.|administrative|Topraklama ve koruma düzeninin ölçüm sonuçlarını yetkin kişiye değerlendirin; yalnız bir direnç değeriyle bütün sistemin güvenli olduğu sonucuna varmayın.
R-51-04|G51|Uygun devrelerde kaçak akım koruması|Kaçak akımın gerektiği sürede kesilememesi|Elektrik çarpması ve ölüm|Elektrik bakım sorumlusu|engineering|Devre ve yük özelliğine uygun kaçak akım koruma cihazını yetkin kişiye seçtirin; korumayı devre dışı bırakmayın.|administrative|Üretici testleri ile teknik ölçüm ve açma testlerini ayrı kayıtlayın; test düğmesine basılması bütün tesisat kontrolünün yerine geçmez.
R-51-05|G51|İlkyardım malzemelerinin erişimi ve kullanılabilirliği|Gerekli temel malzemenin olay anında bulunamaması veya kullanılamaması|Müdahalenin gecikmesi ve yaralanmanın ağırlaşması|İlkyardım organizasyonu sorumlusu|engineering|İşyeri riskleriyle uyumlu ilkyardım malzemesini ulaşılabilir ve işaretli yerde bulundurun.|administrative|Malzemelerin bütünlüğünü, son kullanma durumunu ve tüketim sonrası tamamlanmasını izleyin; dolap bulunması eğitimli ilkyardımcının yerini tutmaz.
R-51-06|G51|El yıkama, tuvalet ve ortak hijyen alanları|Kirli yüzey veya el temasıyla bulaş ve çapraz kirlenme|Enfeksiyon, cilt hastalığı ve gastrointestinal hastalık|Tesis hijyen sorumlusu|engineering|Uygun el yıkama, temiz su ve hijyenik kurulama düzenini erişilebilir sağlayın.|administrative|Temizlik planını kullanım yoğunluğuna göre düzenleyin; ürünlerin güvenli kullanımını ve eksilen hijyen sarfını kontrol edin.
R-51-07|G51|Çalışanların içme suyuna ve temiz yemek alanına erişimi|Kirli su veya çalışma maddesinin yiyeceğe karışması|Zehirlenme, enfeksiyon ve sıvı kaybı|İdari işler sorumlusu|engineering|İçme suyu ve yemek alanını kimyasal, toz ve atık kaynaklarından ayırın.|administrative|Su temin ve temizlik kayıtlarını takip edin; iş kimyasalları için yiyecek-içecek kabı kullanılmasını önleyin.
R-51-08|G51|Dinlenme alanının göreve ve çalışan sayısına uygun düzenlenmesi|Dinlenme sırasında tehlikeli proses veya kirleticiye maruziyetin sürmesi|Yorgunluk, solunum yakınmaları ve ikincil kaza|İdari işler ve işveren|engineering|Dinlenme yerini hareketli ekipman ve kirletici kaynaklarından güvenli biçimde ayırın.|administrative|Dinlenmeye fiilen erişilebilen iş düzeni kurun; alanın kapasite ve temizlik koşullarını kullanım yoğunluğuyla birlikte gözden geçirin.
R-51-09|G51|Basınçlı kapların hizmete uygunluğu ve periyodik kontrol bulguları|İlerleyen hasar veya koruma kusuru bulunan basınçlı sistemin kullanılması|Patlama etkisi, yanık, ezilme ve ölüm|Basınçlı sistem bakım sorumlusu|engineering|Kritik kusurlu kabı emniyetli biçimde hizmetten çıkarın; emniyet donanımı ve kusurları uygun teknik yöntemle giderin.|administrative|Kontrol raporunu kap kimliği ve çalışma şartlarıyla eşleştirin; üretici, ilgili standart ve güncel mevzuata göre periyodu belirleyin, bütün kaplara körlemesine tek süre atamayın.
R-51-10|G51|Kaldırma ekipmanlarının hizmete uygunluğu ve periyodik kontrol bulguları|Kaldırma mekanizmasındaki kusurun yük taşıma sırasında arızaya dönüşmesi|Yük düşmesi, ezilme, uzuv kaybı ve ölüm|Kaldırma ekipmanı bakım sorumlusu|engineering|Kritik kusur bulunan ekipmanla kaldırmayı durdurun; yük tutma ve sınırlama donanımını uygun teknik yöntemle düzeltin.|administrative|Kontrol raporunu ekipman ve aksesuar kimliğiyle ilişkilendirin; rapor kapsamı dışında kalan aksesuarları ayrıca ele alın ve işe başlama kontrolünü sürdürün.
R-51-11|G51|İş elbisesi değiştirme ve temiz-kirli giysi ayrımı gereken işler|Kirli iş giysisinden kişisel giysiye veya temiz alana tehlikeli madde taşınması|Cilt maruziyeti, enfeksiyon ve eve taşınan kirlenme|İşyeri hijyen ve idari işler sorumlusu|engineering|İşin kirletici özelliğine uygun ayrı giysi saklama ve soyunma alanı sağlayın.|administrative|Kirli iş elbisesinin yıkama ve taşımasını tanımlayın; çalışanı kirli giysiyle yemek alanına veya eve dönmeye zorlayan düzeni değiştirin.
R-51-12|G51|İşyerinde mevcut OED/AED cihazı|Kalp durması şüphesinde mevcut cihazın bulunamaması veya kullanıma hazır olmaması|Hayat kurtarıcı müdahalenin gecikmesi ve ölüm|İlkyardım organizasyonu sorumlusu|engineering|Mevcut cihazın yerini görünür işaretleyin; cihazı erişilebilir ve üretici koşullarına uygun tutun.|administrative|Batarya, ped ve cihaz durumunu üretici talimatıyla izleyin; görevli eğitimini planlayın ve cihazın bulunmadığı işyerine varmış gibi konum yazmayın.
R-52-01|G52|Motosikletli teslimatta süre/adet hedefleri|Teslim süresi baskısıyla güvenli sürüş kararının bozulması|Trafik çarpışması, çoklu yaralanma ve ölüm|Kurye operasyon sorumlusu|elimination|Tehlikeli hızlanmayı veya kırmızı ışık ihlalini ödüllendiren teslim hedefini kaldırın.|administrative|Gecikme ve güvenli durma bildirimini cezalandırmayan plan kurun; hava, güzergâh ve mola ihtiyacını teslim tahminine dahil edin.
R-52-02|G52|Motosiklet üzerinde navigasyon ve iş bildirimi|Sürüş sırasında telefona bakma veya bildirim yanıtlamayla dikkatin dağılması|Araçla veya yayayla çarpışma, ağır yaralanma ve ölüm|Filo ve dijital operasyon sorumlusu|engineering|Cihaz bağlantısını görüş ve kumandaları engellemeyen güvenli düzende kurun; hareket sırasında elle işlem gerektirmeyen akış tasarlayın.|administrative|Adres değişikliği ve mesaj yanıtını güvenli park sonrasına bırakın; görev uygulamasını sürüş sırasında cevap vermeyi zorunlu kılmayacak biçimde yönetin.
R-52-03|G52|Teslimat motosikletinde yük kutusu ve taşıma düzeni|Dengesiz veya gevşek yükün sürüş dengesini bozması|Devrilme, çarpışma ve ezilme|Filo bakım ve kurye operasyon sorumlusu|engineering|Taşıma kutusunu üretici sınırına uygun sabitleyin; yükü ağırlık merkezi ve kapasite sınırları içinde dengeleyin.|administrative|Yükleme sonrasında kapak, bağlantı ve çıkıntı kontrolü yapın; uygunsuz yükü bölerek veya uygun araçla taşıyın.
R-52-04|G52|Yağmur, buz, rüzgâr ve düşük görüşte teslimat|Yol tutuşu veya görünürlüğün güvenli sürüş için yetersiz kalması|Kayma, devrilme, çarpışma ve ölüm|Kurye operasyon sorumlusu|elimination|Güvenli sürüşün sürdürülemediği hava/yol koşulunda teslimatı erteleyin veya güvenli alternatif kullanın.|administrative|Durma kararını sürücünün bildirebildiği açık protokole bağlayın; lastik, aydınlatma ve görüş donanımını kontrol edin.
R-52-05|G52|Uzun kurye vardiyası ve tekrarlı sürüş|Yorgunluk ve sıvı kaybıyla sürüş dikkatinin azalması|Çarpışma, kas-iskelet zorlanması ve ısı hastalığı|Vardiya planlama sorumlusu|administrative|Sürüş, bekleme ve teslimatın tamamını iş yükünde dikkate alın; erişilebilir mola ve içme suyu planlayın.|administrative|Yorgunluk bildiriminden sonra görevi güvenli durdurma/devir düzeni sağlayın; yalnız teslim adedini performans ölçütü yapmayın.
R-52-06|G52|Kaldırım, yol kenarı ve bina önünde teslimat|Güvenli park veya iniş-biniş alanı bulunamaması|Araç çarpması, düşme ve ezilme|Dağıtım operasyon sorumlusu|engineering|Teslim noktaları için güvenli durma ve yaya erişim düzeni belirleyin; aktif trafik şeridinde beklemeyi gerektiren teslim kuralını değiştirin.|administrative|Motoru güvenli sabitlemeden yük alıp vermeyin; kavşak, kapı açılımı ve yayaların akışını teslim noktasında birlikte değerlendirin.
R-52-07|G52|Müşteriyle temas ve gece teslimatı|Saldırı, tehdit veya yalnız çalışmada yardımın gecikmesi|Fiziksel yaralanma ve ruhsal etkilenme|Kurye operasyon ve güvenlik sorumlusu|administrative|Tehlikeli teslimatı sonlandırma ve güvenli noktaya çekilme hakkını açıklaştırın; konum paylaşımını amaçla sınırlı ve erişim kontrollü tasarlayın.|administrative|Göreve uygun acil iletişim ve cevapsız kalma düzeni kurun; olay sonrası destek sağlayın ve çalışanı saldırganla yüzleşmeye yönlendirmeyin.
R-52-08|G52|Motosiklet ve sürücü koruyucu donanımı|Fren, lastik, aydınlatma kusuru veya uygunsuz koruyucuyla sürüş|Baş travması, uzuv yaralanması ve ölüm|Filo bakım sorumlusu|engineering|Fren, lastik ve aydınlatma kusurlu motosikleti hizmetten çekin; bakım ve işe başlama kontrollerini kayıtlayın.|ppe|Uygun beden ve kullanım koşulunda motosiklet kaskı ile göreve uygun koruyucu donanımı sağlayın; bunları güvenli araç ve iş planının yerine koymayın.

R-23-13|G23|Sıcak ortamda veya açık sahada çalışma|Isı yükü ve sıvı kaybının çalışanı etkilemesi|Isı bitkinliği, sıcak çarpması ve bilinç kaybı|İşveren ve bölüm sorumlusu|engineering|Gölgelik veya serin dinlenme alanı sağlayın; ısı kaynağını yalıtın ve uygun havalandırma kurun.|administrative|İş ve dinlenme sürelerini ısı yüküne göre düzenleyin; içme suyuna erişim, kademeli alışma ve belirtilerin erken bildirimini sağlayın.
