# id|once|calisan_sirasinda|ekip_sirasinda|sonra|yapilmayacak|geri_giris|saha_alanlari
AD-001|Çıkışları, alarmı ve toplanma yerini vardiya başında tanıyın.~Söndürücü erişimi ve yangın kapılarının çalışmasını görevli kişi kontrol etsin.|Yangını en yakın güvenli noktadan alarm vererek bildirin; eşya toplamak için beklemeyin.~Dumansız güvenli çıkışa yönelin; normal asansörü kullanmayın, güvenliyse çıkarken kapıyı kapatın.~Toplanma yerine gidip sayım sorumlusuna bildirin; bir kişi güvenli yerden 112'ye adres ve olay bilgisini versin.|Söndürme ekibi yalnız başlangıç aşamasındaki yangına, eğitimine uygun söndürücü ve açık geri kaçış yolu varsa müdahale etsin; duman artarsa çekilsin.~Yetkili teknik görevli gaz ve elektriği ancak güvenli kesme noktasından, yangın pompası/alarm/yaşam desteğini tehlikeye atmayan tesis planına göre ayırsın.~Koruma ekibi sayımı toplasın; eksik kişinin son bilinen yerini itfaiyeye bildirsin, çalışanları arama için geri göndermesin.|Yangın bölgesini erişime kapalı tutun; müdahale ve hasar kaydını oluşturun.~Kullanılmış söndürücü ve devre dışı korumaları yeniden kullanılabilir hale getirin.|Dumana girerek veya kaçış arkada kapalıyken yangınla mücadele etmeyin.~Elektrik, yağ veya bilinmeyen madde yangınına rastgele su kullanmayın.|İtfaiye/olay yöneticisi kararı ve etkilenen elektrik, yapı ve koruma sistemlerinin teknik kontrolünden sonra.|alarm_noktasi~guvenli_cikis~toplanma_yeri~sondurucu_turu_yeri~guvenli_enerji_kesme_noktasi
AD-002|Pano önü erişimini açık ve yanıcı malzemeden uzak tutun.~Pano ve besleme ayırıcılarını teknik plana işleyin.|Ark veya duman görülen panodan uzaklaşın; kapağı açmayın.~Çevredekileri uyarıp bölgenin güvenli çıkışını kullanın.~Olayı pano konumuyla bildirin; güvenli yerden 112 çağrısını görevlendirin.|Elektrik yetkilisi upstream güvenli noktadan izolasyonu tesis planına göre değerlendirsin.~Eğitimli söndürme ekibi yalnız elektrik tehlikesi ve yangın sınırı uygunsa uygun ekipmanla müdahale etsin.~Koruma ekibi panel çevresini ve etkilenebilecek kaçış yolunu kapatsın.|Enerji kesilmesinin etkilediği güvenlik sistemlerini kontrol edin.~Arızayı teknik inceleme olmadan yeniden beslemeyin.|Panoya su tutmayın.~Ark bölgesine kesiciyi elle kapatmak için yaklaşmayın.|Yetkili elektrik incelemesi ve yangın/izolasyon sonrası güvenlik kontrolleri tamamlanınca.|pano_kodu~uzak_ayirma_noktasi~elektrik_yetkilisi~alternatif_cikis
AD-003|Yağlı davlumbaz ve kanal temizliğini takip edin.~Mutfak yangınına uygun söndürme donanımı ve enerji kesme noktalarını tanıyın.|Yağ yangınını yüksek sesle bildirip çevredekileri uzaklaştırın.~Yanan kabı taşımayın; güvenli çıkışı ve mutfak kapısını kullanın.~Güvenli yerden alarm ve 112 çağrısını sağlayın; mutfağa geri dönmeyin.|Eğitimli görevli yalnız güvenliyse ısı kaynağını dış noktadan kapatsın.~Söndürme ekibi uygun yağ yangını ekipmanını eğitimine göre kullansın; büyüyen yangında çekilsin.~Teknik görevli mutfak gazını güvenli planda ayırsın; davlumbaz kanalına yayılan yangını itfaiyeye bildirsin.|Yağın yeniden tutuşma tehlikesi için alanı kapalı tutun.~Davlumbaz, gaz ve elektrik sistemi kontrol edilmeden mutfağı açmayın.|Yağ yangınına su dökmeyin.~Yanan kabı lavaboya taşımayın.|Yangın tamamen kontrol altında ve pişirme/kanal/gaz tesisatı yetkili incelemeden geçmişse.|yag_yangini_ekipmani~gaz_vanasi~mutfak_cikisi~davlumbaz_sistemi
AD-004|Solvent envanteri ve GBF'yi erişilebilir tutun.~Yangına dayanımlı depolama, sızıntı tutma ve güvenli uzaklaşma yolunu tanıyın.|Depodaki alev veya dumanı bildirip yangın bölgesinden uzaklaşın.~Kapları kurtarmak için içeri girmeyin; döküntü ve buhar yolundan uzak güvenli çıkışı izleyin.~112'ye solvent türü ve yaklaşık miktarın kayıtlı bilgisini güvenli noktadan iletin.|Olay yöneticisi etki alanını ve komşu depoları ayırsın.~Teknik ekip beslemeyi yalnız uzaktan güvenli olanakla durdursun.~Söndürme ekibi GBF ve tesis planına uygun sınırda hareket etsin; yoğun buhar veya büyüyen yangında uzman müdahalesine çekilsin.|Kirli yangın suyunun drenaj etkisini çevre ekibiyle değerlendirin.~Hasarlı kapları uzman planı olmadan taşımayın.|Buharlı alanda elektrik anahtarı işletmeyin.~Kimyasal türü bilinmeden söndürücü veya emici seçmeyin.|İtfaiye kararı, ortam ve depolama bütünlüğü değerlendirmesinden sonra.|solvent_envanteri~GBF_erisim~depo_cikisi~uzak_transfer_durdurma~drenaj_plani
AD-005|Filtre malzemesi ve tozun yangın/patlama özelliklerini kaydedin.~Patlama tahliye etki alanını ve acil duruş yöntemini belirleyin.|Filtre dumanı veya sıcaklık alarmını bildirin.~Filtre kapağını açmadan tahliye etki alanından uzaklaşın.~Bağlı makine alanındaki kişileri uyarıp güvenli toplanmaya geçin.|Teknik görevli besleme ve emişi yalnız tesise özgü güvenli duruş sırasıyla yönetsin.~Olay yöneticisi kanalla bağlı diğer üniteleri risk kapsamına alsın.~Uzman müdahale ekibine toz türü, izolasyon ve koruma düzenini teslim edin.|Filtreyi açmadan sıcak nokta ve yeniden tutuşmayı uzman değerlendirsin.~Patlama izolasyon/tahliye elemanları kontrol edilmeden üretimi başlatmayın.|Tozu basınçlı havayla havalandırmayın.~Filtreyi kapağını açarak veya rastgele su vererek söndürmeye çalışmayın.|Proses ve yangın uzmanının birikim, sıcaklık ve koruma sistemlerini uygun bulmasıyla.|toz_turu~filtre_kodu~patlama_tahliye_alani~guvenli_durus_sirasi
AD-006|Batarya kimyası ve üretici acil bilgilerini kayıtlı tutun.~Hasarlı ürün için ayrılmış alan ve kaçış yönünü belirleyin.|Tıslama, şişme veya dumanı bildirip bataryadan uzaklaşın.~Bataryayı elinize almayın; dumanı solumadan alanı boşaltın.~112'ye batarya ve konum bilgisini verin; etrafı erişime kapalı tutun.|Teknik görevli şarjı yalnız güvenli uzaktan kesme imkânı varsa durdursun.~Olay yöneticisi komşu hücrelere ısı yayılımı ve patlama etkisine göre sınırı genişletsin.~Profesyonel ekibe batarya kimyası, kapasite ve sistem izolasyon bilgisini iletin.|Yeniden tutuşma için uzman gözetimli izleme düzeni kurun.~Hasarlı kalıntıları yetkin bertaraf planına göre yönetin.|Duman yok oldu diye bataryaya yaklaşmayın.~Hasarlı bataryayı taşımayın veya üretici ve uzman müdahale planı dışında suya batırmayın.|Profesyonel ekip termal yayılım, gaz ve yeniden tutuşmayı değerlendirdikten sonra.|batarya_kimyasi~sarj_kesme_noktasi~karantina_yeri~komsu_yangin_yuku
AD-007|Araç tipini ve yakıt/batarya bilgisini acil kayda ekleyin.~Yol üzerinde güvenli duruş ve yolcu uzaklaştırma yöntemini belirleyin.|Aracı yalnız mümkün ve güvenliyse durdurup motoru kapatın.~Yolcuları trafik ve dumandan uzağa çıkarın; eşyalar için geri dönmeyin.~112'ye konum, araç türü ve içeride kalan kişi bilgisini verin.|Görevli trafik etkisini ve çevre erişimini güvenli mesafeden yönetsin.~Eğitimli kişi yalnız küçük başlangıç yangını ve güvenli kaçış varsa uygun söndürücü kullansın.~Elektrikli/alternatif yakıtlı araç bilgisini müdahale ekibine iletin.|Araç çekme işlemini yangın ekibinin güvenli bulmasına bağlayın.~Hasarlı enerji sistemini teknik uzman incelemeden açmayın.|Yanan kaputu aniden açmayın.~Trafikte korunmasız beklemeyin veya yakıt sızıntısına yaklaşmayın.|İtfaiye ve araç teknik yetkilisinin izin verdiği sınırda.|arac_turu~yakit_batarya~konum_bildirimi~yolcu_sayimi
AD-008|Çatı katmanlarını ve sıcak iş alanlarını kaydedin.~Çatı altındaki kullanım ve alternatif çıkışları belirleyin.|Çatı dumanını bildirip alt bölgedeki kişileri uyarın.~Çatıya yangını görmek veya söndürmek için çıkmayın.~Güvenli çıkıştan ayrılarak çatı düşme hattının dışında toplanın.|Olay yöneticisi düşebilecek kaplama ve eriyen malzeme alanını kapatsın.~Teknik ekip yangının geçtiği tesisatları güvenli uzak noktadan değerlendirsin.~İtfaiyeye çatı yapısı, izolasyon ve olası PV sistemi bilgisini verin.|Gizli katman yangını ve yeniden tutuşmayı teknik ekibe kontrol ettirin.~Isı etkilenmiş taşıyıcı ve kaplamayı inceletin.|Alev görünmüyor diye çatıya çıkmayın.~PV veya elektrik sistemini enerjisiz varsaymayın.|Yangın ve yapı uzmanının katman, taşıyıcı ve elektrik incelemesi sonrası.|cati_yapisi~PV_varligi~dusme_etki_alani~alternatif_cikis
AD-009|Trafo kodu, yağ türü ve uzaktan ayırma yöntemini kaydedin.~Trafo çevresi erişim ve yağ tutma alanını belirleyin.|Patlama veya dumanı bildirip trafo çevresinden uzaklaşın.~Yaklaşma sınırını geçmeyin; zemindeki iletken/sıvı alana basmayın.~112'ye elektrik tesisi olduğunu ve konumunu güvenli yerden bildirin.|Elektrik yetkilisi beslemeyi işletme prosedürüne göre ayırsın.~Koruma ekibi komşu alan ve yaya geçişini kapatsın.~İtfaiyeye enerji izolasyon durumu ve yağ tutma/drenaj bilgisini teslim edin.|Topraklama ve adım/temas gerilimi tehlikesini teknik ekip değerlendirsin.~Yağ ve yangın suyu temizliğini uygun uzman planına bağlayın.|Trafoya yaklaşarak anahtarlama yapmayın.~Gerilim kesilmeden su veya iletken ekipmanla müdahale etmeyin.|Elektrik işletme yetkilisi ve itfaiye izin verdikten sonra.|trafo_kodu~isletme_yetkilisi~uzak_ayirici~yag_tutma_alani
AD-010|Resmî uyarı kanalı ve alternatif yol güzergâhlarını belirleyin.~Toplanma alanını orman yangını etkisinden ayrı değerlendirin.|Resmî uyarı veya saha alarmını izleyin; erken güvenli tahliyeye hazırlanın.~Duman/alev yönündeki yola çıkmayın; olay yöneticisinin açık güvenli güzergâhını kullanın.~Sayım noktasına varışınızı bildirin; mahsur kalma halinde konumunuzu 112'ye iletin.|Olay yöneticisi yetkili kurumla tahliye veya korunma kararını koordine etsin.~Görevliler ziyaretçi ve desteğe ihtiyacı olan kişilerin ulaşımını düzenlesin.~Teknik ekip yalnız güvenli zaman ve yoldan kritik yakıt/prosesleri tesis planına göre bıraksın.|Tesis çevresindeki sıcak noktaları profesyonel ekibe kontrol ettirin.~Hava kalitesi ve enerji/yapı etkilerini değerlendirmeden işe dönmeyin.|Yangına karşı kendi başınıza araçla karşı yönde ilerlemeyin.~Eşyaları kurtarmak için tahliyeyi geciktirmeyin.|Yetkili kurumun bölge erişim izni ve işyeri teknik incelemesi sonrası.|resmi_uyari_kanali~alternatif_yol~tahliye_araci~dis_toplanma
AD-011|Patlama senaryosu etki alanını ve tesis enerji kaynaklarını planlayın.~İtfaiyeye verilecek proses ve kimyasal bilgi setini hazırlayın.|İlk patlamadan sonra cam, parça ve hasarlı yapıdan uzaklaşın.~İkinci olay ihtimaline karşı bölgeyi terk edip güvenli noktadan alarm verin.~Yaralı/eksik kişi ve olay konumunu 112'ye bildirin.|Olay yöneticisi yeniden patlama ve çökme etkisine göre alanı genişçe ayırsın.~Teknik ekip uzaktan güvenli izolasyonu tesis planına göre yapsın.~Profesyonel kurtarma ekibine tehlikeli madde ve son bilinen kişi konumunu iletin.|Enkaz ve delillere kontrollü erişim sağlayın.~Yapı, atmosfer ve enerji güvenliğini uzman incelemesine bağlayın.|Enkaza eğitimsiz arama için girmeyin.~Patlamanın bittiğini sessizliğe bakarak varsaymayın.|Kurtarma, yapı ve proses yetkililerinin ortak güvenli dönüş kararıyla.|patlama_etki_alani~kimyasal_envanter~uzak_izolasyon~eksik_kisi_kaydi
AD-012|Gaz vana ve algılama noktalarını işaretleyin.~Kaçak halinde güvenli dış iletişim yerini belirleyin.|Gaz kokusu/alarmında alev ve elektrikli cihaz kullanmadan uzaklaşın.~Kaçak bölgesindeki anahtar ve fişlere dokunmayın; çevredekileri sözlü uyarın.~Güvenli dış noktadan 112 ve tesisin gaz acil irtibatını arayın.|Yetkili görevli yalnız tehlikeli alana girmeden erişilebilen vanayı tesis planına göre kapatsın.~Koruma ekibi olası gaz yayılım alanını boşaltsın.~Yetkili gaz ekibi ölçüm, kaçak giderme ve güvenli havalandırmayı yönetsin.|Kaçağın nedeni ve bağlantı bütünlüğünü teknik kayda alın.~Algılama ve gaz beslemesi yeniden devreye alma testini yaptırın.|Gazı alevle aramayın.~Telefonu veya elektrik anahtarını kaçak bölgesinde işletmeyin.|Gaz işletmesi/teknik yetkili ölçüm ve onarım sonrası izin verdiğinde.|gaz_vanasi~guvenli_arama_yeri~gaz_acil_irtibat~gaz_algilama
AD-013|LPG depolama ve alçak hacim bağlantılarını kaydedin.~Tüp/tank izolasyonunu yetkili ekiple planlayın.|LPG alarmında çukur ve bodrumlardan uzaklaşın.~Kıvılcım yaratabilecek cihazları işletmeden bölgeyi boşaltın.~Güvenli yerden LPG kaynağı ve çevredeki kişi bilgisini bildirin.|Yetkili görevli sızıntıyı yalnız güvenli dış noktadan izole etsin.~Olay yöneticisi alçak hacimleri ve drenaj geçişlerini erişime kapatsın.~Uzman ekip gaz ölçümü ve kaynak kontrolünü yapsın.|Gazın birikebildiği bağlantılı hacimleri kontrol ettirin.~Tank/tüp ve tesisat onarımını yetkin servise yaptırın.|Sızan tüpü taşımayın.~Gaz birikebilecek çukura kontrolsüz girmeyin.|Kaynak giderilmiş ve bağlantılı alçak alanlar uzman ölçümüyle güvenli bulunmuşsa.|LPG_kaynagi~alcak_hacimler~uzak_vana~tahliye_yonu
AD-014|Amonyak envanteri ve sistem acil talimatını hazırlayın.~Rüzgâr bilgisi ve güvenli uzaktan kesme olanaklarını belirleyin.|Alarm veya keskin tahriş halinde gaz bölgesinden uzaklaşın.~Sızıntıyı aramaya veya vanaya yaklaşmaya çalışmayın.~Güvenli yerden 112'ye amonyak ve etkilenen kişi bilgisini verin.|Teknik görevli yalnız tesis planındaki güvenli uzaktan izolasyonu uygulasın.~Olay yöneticisi rüzgâr ve hava emişlerini değerlendirerek güvenli bölgeyi belirlesin.~Uygun solunum korumalı uzman ekip ölçüm ve müdahaleyi yürütürken ilkyardım ekibi temiz alanda desteklesin.|Etkilenenleri tıbbi değerlendirmeye yönlendirin.~Sızıntı kaynağı ve havalandırma sistemini teknik inceleyin.|Koku azaldı diye geri girmeyin.~Filtreli maskenin her konsantrasyonda yeterli olduğunu varsaymayın.|Uzman atmosfer ölçümü, onarım ve olay yöneticisi kararıyla.|amonyak_sistemi~GBF~ruzgar_bilgisi~uzak_izolasyon~temiz_mudahale_yeri
AD-015|Klor ve asit bağlantılarını ayrı tanımlayın.~Dış yardım için kimyasal ve havalandırma şemasını hazırlayın.|Klor alarmında veya tahrişte güvenli alana çekilin.~Alt hacimlere inmeyin ve kaçağı kapatmak için geri dönmeyin.~112'ye klor kaynağı, konum ve olası etkilenenleri bildirin.|Teknik ekip uzaktan güvenli izolasyon imkânını tesis talimatıyla kullansın.~Koruma ekibi komşu hacimleri ve emiş noktalarını güvenli plana göre ayırsın.~Kimyasal müdahale ekibine tüp/hat ve GBF bilgisini verin.|Maruz kalanların tıbbi değerlendirmesini sağlayın.~Uyumsuz kimyasal birleşmesi olup olmadığını uzman inceletin.|Klor bölgesinde korunmasız kurtarma yapmayın.~Asit veya rastgele kimyasalla nötralizasyon denemeyin.|Uzman ölçümü, kaynak kontrolü ve güvenli havalandırma sonrasında.|klor_kaynagi~asit_deposu~hava_emisleri~GBF~tahliye_yolu
AD-016|İnert gaz kullanılan kapalı hacimleri belirleyin.~Oksijen algılama ve girişsiz kurtarma olanaklarını planlayın.|Oksijen alarmında hemen güvenli alana çıkın.~Bayılmış kişiye ulaşmak için gaz bölgesine girmeyin.~Dışarıdan alarm verip konumu ve azot/inert gaz bilgisini iletin.|Yetkili görevli beslemeyi güvenli uzaktan noktadan kessin.~Koruma ekibi odayı ve bağlantılı hacimleri erişime kapatsın.~Uygun solunum donanımlı uzman kurtarma ekibi atmosferi ölçerek müdahale etsin.|Etkilenenleri sağlık ekibine teslim edin.~Kaçak, sensör ve havalandırma nedenlerini inceleyin.|Filtreli maskeyle oksijensiz ortama girmeyin.~Kapının açılmasını tek başına güvenli atmosfer kanıtı saymayın.|Uygun atmosfer ölçümü ve kaynak izolasyonu teyit edilince.|azot_kaynagi~oksijen_sensoru~uzak_vana~giris_siniri
AD-017|CO₂ boşalma alanı ve ön alarmı çalışanlara tanıtın.~Kapı erişimi ve yeniden giriş ölçüm planını hazırlayın.|Ön alarm veya gaz boşalmasında hacmi gecikmeden terk edin.~Başkalarını uyarmak için gaz bölgesine geri girmeyin.~Güvenli noktada sayım ve olay bildirimine katılın.|Yetkili görevli sistemi yalnız üretici acil prosedürüne göre yönetsin.~Koruma ekibi gazın geçebileceği komşu/alçak hacimleri kapatsın.~Uzman ekip gaz ve oksijen koşullarını değerlendirerek kurtarmayı yürütürken ilkyardım ekibi dışarıda hazır bulunsun.|Boşalma nedeni ve sistem arızasını teknik olarak inceleyin.~Gazlı söndürme korumasını ve alarmı kontrollü biçimde geri alın.|Hacme nefes tutarak girmeyin.~Alarm susunca doğrudan geri dönmeyin.|Gaz türüne uygun ölçüm ve yetkili güvenli dönüş kararıyla.|CO2_sistem_turu~bosalma_alani~on_alarm~komsu_hacimler
AD-018|H₂S oluşabilecek proses ve çukurları belirleyin.~Gaz algılama ve özel kurtarma planını hazırlayın.|Gaz alarmında veya ani rahatsızlanmada bölgeyi terk edin.~Koku duyusuna güvenmeyin; yerde yatan kişiye kontrolsüz yaklaşmayın.~Güvenli yerden 112'ye H₂S şüphesi ve kişi konumunu bildirin.|Teknik ekip güvenli uzaktan kaynak kontrolünü uygulasın.~Koruma ekibi çukur ve bağlı hacimleri kapatsın.~Yalnız uygun solunum donanımlı uzman ekip kurtarma ve ölçümü yürütsün.|Etkilenmiş kişileri tıbbi değerlendirmeye alın.~Proses ve havalandırma arızasını giderip algılayıcıları sınayın.|Korunmasız kurtarma girişi yapmayın.~Kokunun kaybolmasını tehlikenin bittiği şeklinde yorumlamayın.|Gaz kaynağı kontrolü ve uygun atmosfer ölçümü tamamlandığında.|H2S_kaynagi~algilayici~uzak_izolasyon~kurtarma_plani
AD-019|Yanmalı cihaz, jeneratör ve kapalı araç kullanımını envantere alın.~CO algılama ve güvenli temiz hava alanını belirleyin.|CO alarmında veya aynı alanda birden fazla rahatsızlanmada dışarı çıkın.~Kapalı alana kişiyi kurtarmak için geri girmeyin.~112'ye CO şüphesi, kaynak ve etkilenen sayısını bildirin.|Teknik görevli yanma kaynağını yalnız güvenli dış noktadan durdursun.~İlkyardım ekibi temiz alanda eğitimine ve 112 yönlendirmesine göre desteklesin.~Uzman ekip gaz ölçümü ve havalandırmayı değerlendirip diğer hacimlere erişimi kontrol etsin.|Etkilenenleri belirtiler azalsa da sağlık değerlendirmesine yönlendirin.~Yanma, baca ve havalandırma kusurlarını teknik ekibe giderin.|Kokusuz olduğu için güvenli saymayın.~Pencere açıldı diye cihazı yeniden çalıştırmayın.|Kaynak onarımı ve uzman CO ölçümü sonrası.|yanmali_kaynak~CO_sensoru~temiz_hava_alani~guvenli_durdurma
AD-020|Kriyojen türünü, tahliye ve oksijen alarmını kaydedin.~Döküntü alanı ve havalandırma sınırını belirleyin.|Döküntüden ve buhar bulutundan uzaklaşın.~Sıvıya veya aşırı soğuk yüzeye dokunmayın.~Oksijen alarmı varsa bağlantılı hacmi de terk ederek durumu bildirin.|Eğitimli teknik görevli güvenli uzaktan beslemeyi durdursun.~Olay yöneticisi oksijen azalması ve malzeme kırılganlığına göre erişimi kapatsın.~Uzman ekip uygun koruma ve atmosfer ölçümüyle durumu kontrol etsin.|Soğuk temas yaralanmasını tıbbi değerlendirmeye yönlendirin.~Tahliye ve transfer ekipmanını hasar açısından inceleyin.|Sıvıyı kapalı kaba hapsetmeyin.~Bulutu sıradan su buharı kabul etmeyin.|Atmosfer ve transfer sistemi uzman kontrolünde güvenli bulunduğunda.|kriyojen_turu~transfer_vanasi~oksijen_sensoru~havalandirma
AD-021|GBF ve maddeye uygun döküntü kitini belirleyin.~Küçük salım için miktar, alan ve eğitim sınırını tanımlayın.|Döküntüye dokunmadan çevredekileri uyarın.~Kaygan ve buharlı alanı güvenli mesafeden ayırın.~Madde veya miktar belirsizse küçük döküntü işlemini bırakıp uzman salım kartına geçin.|Eğitimli ekip yalnız tanımlı sınırda, GBF'ye uygun koruyucuyla müdahale etsin.~Güvenliyse kaynağı durdurup uyumlu emiciyle yayılımı sınırlasın.~Toplanan atığı uyumlu etiketli kaba alsın; drenaja ulaşma riskini çevre sorumlusuna bildirsin.|Alanı kalıntı ve kayma açısından kontrol edin.~Kit stokunu tamamlayıp olay nedenini kaydedin.|Bilinmeyen maddeye nötralizasyon uygulamayın.~Döküntüyü suyla kanalizasyona yıkamayın.|Maddeye özgü temizlik kontrolü tamamlanıp maruziyet riski kalmadığı değerlendirildiğinde.|GBF~kucuk_salim_siniri~uyumlu_kit~atik_kabi~drenaj
AD-022|Kimyasal envanter ve dış uzman irtibatını hazırlayın.~Büyük salımda güvenli toplanma alternatiflerini belirleyin.|Maddeyi tanımak için yaklaşmayın veya koklamayın.~Buhar ve yayılım yönünden uzak güvenli alana çıkın.~112'ye bilinmeyen/büyük kimyasal salım olduğunu ve konumu bildirin.|Olay yöneticisi yayılım ve rüzgâra göre çevreyi kapatsın.~Teknik ekip yalnız güvenli uzaktan izolasyonu uygulasın.~Kimyasal müdahale ekibine envanter, GBF, drenaj ve etkilenen kişi bilgisini teslim edin.|Maruziyet şüphesi olanları sağlık değerlendirmesine yönlendirin.~Temizlik ve atığı uzman planıyla yönetin.|Sıradan maske ve temizlik beziyle müdahale etmeyin.~Tehlikeli bölgeye vana kapatmak için personel göndermeyin.|Uzman salım kontrolü, ölçüm ve temizleme kararı sonrası.|kimyasal_envanter~GBF~ruzgar~drenaj~dis_uzman_irtibat
AD-023|Kimyasala uygun göz yıkama/duş yerlerini tanıyın.~GBF ilk yardım bölümünü erişilebilir tutun.|Teması durdurup kendinizi yeniden maruz bırakmadan yardım çağırın.~Maddeye özgü GBF ve acil sağlık yönlendirmesine göre uygun göz yıkama/duşu kullanın.~İlkyardımcıyı çağırın; ciddi temas veya göz etkilenmesinde 112'ye kimyasal adını iletin.|İlkyardım ekibi ikincil bulaşmayı önleyerek eğitim ve GBF sınırında destek versin.~Görevli kirlenen alanı ve giysiyi güvenli biçimde ayırsın.~Kimyasal etiketi/GBF bilgisini sağlık ekibine taşıyın; yaralıyı tek başına göndermeyin.|Tıbbi yönlendirme ve maruziyet kaydını oluşturun.~Sıçramanın nedeni ve duş/göz yıkama erişimini düzeltin.|Göze veya cilde gelişigüzel nötralizan sürmeyin.~Bilinmeyen kimyasal için tek tip müdahale reçetesi uygulamayın.|Salım temizlenip alan uygun bulunduğunda; kişinin işe dönüşünü sağlık değerlendirmesi belirler.|kimyasal_adi~GBF_ilkyardim~goz_yikama~acil_dus~ilkyardimci
AD-024|Prosesin onaylı sapma ve acil duruş talimatını hazırlayın.~Bağımsız koruma ve uzaktan duruş noktalarını tanımlayın.|Anormal sıcaklık/basınç alarmını kontrol odasına bildirin.~Reaktör çevresinden güvenli alana çekilin.~Kapak açma, madde ekleme veya doğaçlama soğutma yapmayın.|Yetkili operatör yalnız prosese özgü onaylı acil duruş sırasını uygulasın.~Olay yöneticisi salım ve patlama etkisine göre tahliyeyi başlatsın.~Proses uzmanı ve dış yardım ekibine madde, miktar ve son ölçümleri iletin.|Tepkime kararlılığı ve artık enerji uzman incelemesine alınsın.~Yeniden başlatma öncesi kök neden ve güvenlik işlevlerini kontrol edin.|Bilinmeyen reaksiyona su veya başka kimyasal eklemeyin.~Tüm enerjiyi plansız keserek soğutma ve korumayı devre dışı bırakmayın.|Proses uzmanının kararlılık, basınç ve koruma sistemi değerlendirmesiyle.|reaktor_kodu~acil_durus_talimati~proses_uzmani~son_olcumler
AD-025|Dökülme etki alanını ve kuru güvenli kaçış yolunu belirleyin.~Pota/fırın acil duruş ve dış yardım bilgisini hazırlayın.|Sıcak metalden ve sıçrama alanından uzaklaşın.~Su birikimi bulunan yola veya döküntü üzerine girmeyin.~Çevredekileri uyarıp yanık/eksik kişi bilgisini bildirin.|Teknik görevli yalnız güvenli uzaktan besleme ve hareketi durdursun.~Koruma ekibi dökülme ve ikincil sıçrama alanını kapatsın.~İlkyardım ekibi güvenli alanda yaralıya eğitim sınırında destek versin ve 112'yi yönlendirsin.|Katılaşmış görünümlü metalin sıcaklığını uzman değerlendirsin.~Fırın, pota, zemin ve su kaynaklarını inceleyin.|Sıcak metale su dökmeyin.~Döküntüyü elle veya uygunluğu belirsiz araçla toplamaya çalışmayın.|Sıcaklık ve ekipman/yapı durumu teknik yetkili tarafından güvenli bulunduğunda.|dokulme_alani~kuru_kacis~uzak_durdurma~pota_firin_bilgisi
AD-026|Cam fırınına özgü kaçak talimatını hazırlayın.~Sıcak camın akabileceği tutma alanını açık tutun.|Kaçağı yerini belirterek kontrol odasına bildirin.~Sıcak camın akış hattından ve fırın yanından uzaklaşın.~Alt ve komşu alanlardaki kişileri uyarın.|Fırın yetkilisi yalnız onaylı proses duruş/izolasyon sırasını uygulasın.~Koruma ekibi akış ve yapı etkisine göre alanı kapatsın.~Dış yardım ekibine refrakter, sıcaklık ve proses bilgisi verin.|Fırın ve taşıyıcı yapı hasarını teknik uzman değerlendirsin.~Kaçak nedeni çözülmeden ve güvenli yeniden başlatma planı olmadan üretime dönmeyin.|Kaçağa yaklaşarak doğaçlama tıkama yapmayın.~Üretici/proses planı dışında su verme veya ani soğutma uygulamayın.|Fırın/proses ve yapı uzmanlarının ortak kararıyla.|firin_kodu~kacak_talimati~sicak_cam_tutma_alani~kontrol_odasi
AD-027|Buhar hatlarını ve güvenli vana noktalarını belirleyin.~Hat kırılmasında alternatif çıkışı hazırlayın.|Yoğun buhar ve yüksek ses kaynağından uzaklaşın.~Kaçağa elinizle veya bir nesneyle temas etmeyin.~Görüş kayboluyorsa alternatif güvenli çıkışı kullanıp yaralı bilgisini bildirin.|Yetkili teknik görevli hattı uzak güvenli noktadan izole etsin.~Koruma ekibi sıcak ve görüşsüz alanı ayırsın.~İlkyardım ekibi temiz alanda yanık desteği ve sağlık yönlendirmesi sağlasın.|Hattı basınçsız ve soğuk koşulda yetkin kişiye inceletin.~Onarım sonrası basınçlandırmayı kontrollü teknik plana göre yapın.|Görünür bulutun dışında kalan sıcak jeti güvenli saymayın.~Basınç varken bağlantı sıkma veya sökme yapmayın.|Basınç/sıcaklık ve hat bütünlüğü teknik olarak güvenli bulununca.|hat_kodu~uzak_vana~alternatif_cikis~yanik_ilkyardimci
AD-028|Kabın çalışma sınırlarını ve emniyet tahliyesini kaydedin.~Anormal basınçta uzaktan güvenli duruşu planlayın.|Şişme, çatlak veya alarmı bildirip kaptan uzaklaşın.~Kapak, vana veya bağlantıya yaklaşmayın.~Parça fırlama hattının dışında toplanın ve kişi bilgisini iletin.|Yetkili operatör onaylı acil duruşu güvenli noktadan uygulasın.~Koruma ekibi kap ve bağlı hatların etki alanını kapatsın.~Basınçlı ekipman uzmanı ve acil ekip durumu değerlendirsin.|Kap ve emniyet donanımını hizmet dışı tutun.~Yetkin muayene ve gerekli onarım olmadan tekrar basınçlandırmayın.|Basıncı gelişigüzel bağlantı gevşeterek boşaltmayın.~Tahliye ağzının önüne geçmeyin.|Yetkin basınçlı ekipman incelemesi ve kontrollü yeniden devreye alma kararıyla.|kap_kodu~akiskan~tasarim_siniri~uzak_durus~tahliye_yonu
AD-029|Tüp gazını ve depolama konumunu envantere alın.~Yangına maruz tüp için profesyonel müdahale planı hazırlayın.|Isınan veya yangındaki tüpten uzaklaşın.~Tüpü taşımayın, vanasına yaklaşmayın.~Güvenli yerden 112'ye gaz türü ve tüp konumunu bildirin.|Olay yöneticisi patlama/parça etkisine göre alanı kapatsın.~Teknik ekip yakındaki beslemeyi yalnız güvenli uzaktan ayırsın.~Tüp tedarikçisi ve itfaiyeye maruziyet süresi ve gaz bilgisini aktarın.|Tüpün sonradan tehlike oluşturabileceğini dikkate alın.~Tüpün taşınma/bertarafını uzman talimatına bırakın.|Özellikle ısınmış asetilen tüpünü hareket ettirmeyin.~Tüpü çalışanların doğaçlama soğutma denemesine bırakmayın.|İtfaiye ve tüp uzmanı güvenli taşıma/erişim izni verdiğinde.|gaz_turu~tup_konumu~tedarikci_irtibat~dislama_alani
AD-030|Elektrik ayırma ve yetkili kişi bilgisini hazırlayın.~İlkyardımcı ve varsa OED/AED konumunu kaydedin.|Enerji kesilmeden yaralıya dokunmayın.~Güvenli alandan yardım ve 112 çağrısı yapın.~Çevredeki kişileri iletken, su ve temas alanından uzak tutun.|Elektrik yetkilisi tehlikeli alana girmeden uygun beslemeyi ayırsın.~İlkyardımcı elektrik güvenliği sağlandıktan sonra eğitimine ve 112 yönlendirmesine göre müdahale etsin.~Varsa OED/AED güvenli ortama getirilsin; cihaz yönlendirmesi ve eğitim sınırı izlenerek sağlık ekibi karşılansın.|Etkilenen kişi tıbbi değerlendirmeye yönlendirilsin.~Arızalı tesisat/ekipmanı hizmet dışı tutun.|Yaralıyı çıplak elle çekmeyin.~Yüksek gerilim bölgesine güvenli sınır teyit edilmeden yaklaşmayın.|Yetkili elektrik incelemesi sonrası; yaralının işe dönüşü sağlık kararıdır.|guvenli_ayirici~elektrik_yetkilisi~ilkyardimci~OED_yeri
AD-031|Anahtarlama alanı ve ark riskine özgü iş planını hazırlayın.~Güvenli dış enerji kesme ve yanık acil yanıtını belirleyin.|Ark sonrasında panodan ve kopan parçalardan uzaklaşın.~Enerjili olabilecek ekipman veya yaralıya dokunmayın.~112'ye ark olayı, yanık ve kişi konumunu bildirin.|Yetkili elektrik ekibi güvenli izolasyonu teyit etsin.~İlkyardımcı güvenli alanda yanık/yaralanma desteğini eğitim sınırında versin.~Koruma ekibi duman, parça ve elektrik etki alanına erişimi kapatsın.|Ekipmanı tekrar enerjilendirmeden arıza ve koruma incelemesi yapın.~Müdahale ve kullanılan kişisel korumayı teknik olay kaydına alın.|Kapağı açarak arıza kaynağını aramayın.~Koruma attı diye tüm enerjinin kesildiğini varsaymayın.|Yetkili elektrik incelemesi ve güvenli yeniden besleme kararıyla.|pano_kodu~uzak_izolasyon~elektrik_yetkilisi~ilkyardimci
AD-032|Makine acil duruş ve tüm enerji ayırma noktalarını tanıyın.~Sıkışmada yetkili kurtarma/servis irtibatını hazırlayın.|Güvenliyse acil duruşu kullanıp alarm verin.~Makineyi ters yönde çalıştırarak kişiyi çıkarmaya uğraşmayın.~112'ye makine, sıkışan kişi ve konum bilgisini verin.|Yetkili teknik görevli elektrik, basınç ve yerçekimi enerjisini izole etsin.~Kurtarma ekibi parçaların stabilitesini güvenceye almadan söküm yapmasın.~İlkyardımcı güvenli erişim sağlandığında eğitimine göre desteklesin ve sağlık ekibini yönlendirsin.|Makineyi mühendislik incelemesine kadar hizmet dışı tutun.~Koruyucu ve güvenli çalışma yöntemini yeniden değerlendirin.|Yaralıyı kuvvetle çekmeyin.~Yalnız acil duruşu tam enerji izolasyonu saymayın.|Teknik arıza/koruma incelemesi tamamlandıktan sonra.|makine_kodu~acil_durus~enerji_noktalari~servis_irtibat~kurtarma_erisim
AD-033|Yük, kaldırma ve geçici destek bilgisini hazırlayın.~Yük düşmesinde alan kapatma ve uzman kurtarma planı yapın.|Yükün yeni hareket hattından uzaklaşın.~Yaralıyı çıkarmak için yükü elle veya gelişigüzel araçla kaldırmayın.~112'ye yük türü, kişi konumu ve hareket tehlikesini bildirin.|Kaldırma yetkilisi ekipmanı güvenli duruma alıp yükün ilave hareketini önlesin.~Uzman kurtarma ekibi yükü tasarlanmış destek ve kaldırmayla emniyete alsın.~İlkyardım ekibi güvenli erişim sağlanana kadar dışarıda sağlık ekibiyle koordine olsun.|Yük ve kaldırma ekipmanını inceleme için ayırın.~Bağlama, kapasite ve çalışma alanı planını düzeltin.|Askıda veya kararsız yük altına girmeyin.~Yaralıya erişmek için desteği plansız sökmeyin.|Yük stabilitesi ve kaldırma sistemi yetkin incelemeden geçince.|yuk_turu_agirligi~kaldirma_yetkilisi~guvenli_destek~yarali_konumu
AD-034|Yüksekte işin düşme ve kurtarma planını hazırlayın.~112 erişim güzergâhını ve ilkyardımcıyı belirleyin.|Düşme alanını ve üstten gelebilecek cisimleri gözleyerek güvenli kalın.~Yaralıyı ani tehlike yoksa gereksiz hareket ettirmeyin.~İlkyardımcı ve 112'yi çağırıp düşme yüksekliği/konumun bilinen bilgisini aktarın.|Görevli üst seviyedeki işi durdursun ve ikinci düşmeyi önlesin.~İlkyardımcı eğitimine ve 112 yönlendirmesine göre güvenli müdahale etsin.~Kurtarma ekibi yaralıya erişimi ve sağlık ekibinin gelişini koordine etsin.|Düşüşte kullanılan koruyucu ve ankrajı hizmet dışı incelemeye alın.~Yüksekte çalışma yöntemini gözden geçirin.|Yaralıyı yürütmeye veya zorla kaldırmaya çalışmayın.~İkinci kişiyi korunmasız kenara göndermeyin.|Üst çalışma alanı ve düşme koruması teknik olarak güvenli bulununca.|dusme_alani~ilkyardimci~ambulans_erisim~ust_seviye_sorumlusu
AD-035|İşe özgü hızlı askıdan kurtarma düzenini önceden hazırlayın.~Kurtarma donanımını ve eğitimli asıl/yedek kişileri belirleyin.|Askıda kalan kişi bilinci açıksa yardım çağırıp eğitiminde öğrendiği güvenli hareketleri uygulasın.~Çevredekiler ikinci düşme riski almadan alarm versin.~112'ye kişinin askıda olduğu ve erişim yerini bildirin.|Eğitimli kurtarma ekibi önceden planlanmış uygun sistemle gecikmeden kurtarma başlatsın.~Görevli ankraj ve çevre stabilitesini koruyup yetkisiz yaklaşmayı engellesin.~İlkyardımcı kurtarılan kişiyi eğitim ve sağlık yönlendirmesine göre değerlendirsin.|Kişiyi sağlık değerlendirmesine yönlendirin.~Düşüş ve kurtarmada kullanılan ekipmanı inceleme için ayırın.|Askıdaki kişinin kemerini veya bağlantısını plansız kesmeyin.~Genel itfaiye çağrısını önceden hazırlanmış kurtarma düzeninin yerine koymayın.|Ankraj/koruma sistemi ve çalışma yönteminin yetkin kontrolü sonrası.|kurtarma_plani~kurtarma_ekibi~ankraj~kurtarma_donanimi~erisim_yolu
AD-036|Kapalı alan giriş izni, gözcü ve girişsiz kurtarma düzenini hazırlayın.~Uzman ekibe verilecek atmosfer/izolasyon bilgilerini belirleyin.|Yanıt alınamıyorsa dışarıdan alarm verin.~İçerideki kişiyi kurtarmak için kontrolsüz giriş yapmayın.~112'ye kapalı alan ve atmosfer tehlikesi olduğunu açıkça bildirin.|Gözcü kişi sayısı ve son iletişimi kaydedip erişimi kapatsın.~Eğitimli ekip yalnız planlanmış güvenli girişsiz kurtarmayı uygulasın.~Giriş gerektiren kurtarmayı uygun solunum ve kurtarma donanımlı uzman ekip yürütürken teknik ekip beslemeleri izole etsin.|Etkilenenleri tıbbi değerlendirmeye alın.~Giriş izni, ölçüm ve izolasyon koşullarını olay sonrası yeniden kurun.|Nefes tutarak veya filtreli maskeye güvenerek girmeyin.~Gözcüyü içeride arama için alan başından ayırmayın.|Atmosfer, izolasyon ve yeni giriş izni koşulları uzman tarafından sağlanınca.|alan_kodu~giris_izni~gozcu~atmosfer_bilgisi~giris_siz_kurtarma
AD-037|Kazı destek ve çevre yük planını sahada bulundurun.~Göçükte profesyonel kurtarma erişimini belirleyin.|Yeni göçme tehlikesinden uzaklaşıp kazı çevresini uyarın.~Kurtarma için desteksiz kazıya inmeyin.~112'ye kazı konumu, derinlik ve son bilinen kişi yerini bildirin.|Saha sorumlusu araç, titreşim ve ilave yükleri güvenli biçimde durdursun.~Koruma ekibi kazı kenarını ve komşu yük alanını kapatsın.~Uzman kurtarma ekibi destek ve zemin güvenliğiyle müdahale etsin; ilkyardımcı güvenli bölgede hazır olsun.|Zemin ve iksayı yetkin teknik kişiye yeniden değerlendirin.~Yağış, hat ve yük değişikliklerini olay kaydına alın.|Eksik kişiyi bulmak için iş makinesiyle plansız kazmayın.~Kazı kenarında kalabalık ve ağır yük oluşturmayın.|Jeoteknik/destek incelemesi ve güvenli çalışma izni sonrası.|kazi_plani~kisi_sayisi~hat_bilgisi~uzman_erisim~kenar_siniri
AD-038|Taşıyıcı değişiklik ve geçici destek bilgilerini kayıtlı tutun.~Şüpheli hasarda alternatif çıkışı belirleyin.|Ani çatlama, eğilme veya parça düşmesinde alanı terk edin.~Hasarlı bölümden geçmeyin; çevredekileri güvenli yoldan uyarın.~Güvenli noktadan olay ve içeride kalan kişi bilgisini 112'ye bildirin.|Olay yöneticisi yapı etki alanını ve komşu kullanım bölgelerini boşaltsın.~Teknik görevli enerji ve hatları yalnız güvenli dış noktadan değerlendirsin.~Yapı uzmanı ve kurtarma ekibine plan, yük ve hasar bilgisini verin.|Hasar incelemesini yetkin yapı uzmanına yaptırın.~Onarım ve destek planı olmadan bölgeyi kullanıma açmayın.|Hasarı görmek için yapıya geri girmeyin.~Taşıyıcı veya geçici desteği doğaçlama değiştirmeyin.|Yetkin yapı güvenliği kararı ve ilgili tesisat kontrolleri sonrası.|yapi_plani~gecici_destek~alternatif_cikis~etki_alani
AD-039|Devrilebilecek eşyaları güvenli sabitleyin.~Sarsıntıda korunma noktalarını ve sonrasında güvenli çıkışı tanıyın.|Bina içindeyseniz uygun güvenli noktada Çök–Kapan–Tutun uygulayın; baş-boynu koruyun.~Sarsıntı sırasında merdivene koşmayın ve asansör kullanmayın; pencere ve devrilebilir eşyalardan uzak durun.~Sarsıntı bitince güvenliyse belirlenmiş çıkıştan ayrılıp yapı/parça düşme alanı dışındaki toplanma yerine gidin.|Görevliler sarsıntı sırasında kendi güvenliğini korusun; hareket sona erince tahliyeyi ve yardım ihtiyacını koordine etsin.~Teknik görevli gaz/elektrik hasarını güvenli planda değerlendirsin; arızalı alana girmesin.~Sayım sorumlusu eksik ve yaralı bilgisini toplasın; gerekli acil yardımı 112 üzerinden yönlendirsin.|Artçı ve hasar ihtimaline karşı binalardan uzak bekleyin.~Geri giriş için yapı ve tesisatın yetkili değerlendirmesini bekleyin.|Sarsıntı sırasında pencereden atlamayın veya merdivene koşmayın.~Dışarıdaysanız bina, direk ve hat altında beklemeyin.|Sarsıntının bitmesi tek başına izin değildir; olay yöneticisi ve gerekli teknik kontroller sonrası.|korunma_noktalari~guvenli_cikis~toplanma~yardim_duzeni~tesisat_kesme
AD-040|Deprem sonrası inceleme ve alan kapatma yetkilisini belirleyin.~Plan ve kritik tesisat bilgilerini bina dışında erişilebilir tutun.|Hasarlı tesise eşyalar için dönmeyin.~Artçılarda yapıdan ve düşebilecek parçadan uzaklaşın.~Gaz kokusu, kopuk hat ve görünür hasarı güvenli noktadan bildirin.|Olay yöneticisi geri girişleri kontrollü olarak kapatsın.~Yetkin yapı ve tesisat uzmanları erişim sınırları içinde değerlendirme yapsın.~Kurtarma ekiplerine eksik kişi ve son konum bilgisini teslim edin.|Teknik kararları ve açılan/kapanan alanları kayıt altına alın.~Yeniden kullanıma başlamadan kaçış, alarm ve enerji sistemlerini kontrol edin.|Yetkili izin olmadan binaya girmeyin.~Sadece dış görünüşe bakarak güvenli kararı vermeyin.|Yapı güvenliği, gaz/elektrik ve yangın koruması kontrolleriyle alan bazlı izin verildiğinde.|yapi_inceleme_yetkilisi~hasar_kaydi~izinli_alanlar~tesisat_durumu
AD-041|Taşkın uyarısı, yüksek güvenli bölge ve alternatif yolları belirleyin.~Bodrumdaki elektrik ve kimyasal risklerini önceden değerlendirin.|Su yükselmesi veya tahliye uyarısında erken güvenli yüksek alana geçin.~Suya girmeyin ve akıntılı yolu yürüyerek/araçla geçmeye çalışmayın.~Mahsur kişi ve konumu güvenli noktadan 112'ye bildirin.|Olay yöneticisi bodrum ve alçak hacimleri kapatsın.~Elektrik yetkilisi sadece kuru ve güvenli uzaktan ayırma noktasını kullansın.~Görevliler sayım ve dış kurtarma erişimini koordine etsin.|Su çekilince elektrik, yapı ve kirlenme incelemesini yaptırın.~Kimyasal veya atıksu karışmış alanı uygun temizleme planına alın.|Elektrikli ekipmana ıslak halde dokunmayın.~Su çekilmesini güvenli geri giriş kanıtı saymayın.|Yapı, elektrik ve kirlenme yönünden teknik/sağlık kontrolü sonrası.|resmi_taskin_uyarisi~yuksek_guvenli_alan~uzak_ayirici~bodrumlar
AD-042|Rüzgârda durdurulacak kaldırma/yüksekte işleri belirleyin.~Sağlam kapalı korunma ve düşebilecek eşya alanlarını tanıyın.|Rüzgâr şiddetlenince açık saha ve yüksekte işi bırakın.~Gevşek çatı, ağaç ve askılı yüklerden uzak sağlam alana geçin.~Eksik kişi veya düşen parçayı güvenli noktadan bildirin.|Görevli kaldırma ve dış saha ekipmanını üretici hava sınırında güvenli duruşa alsın.~Koruma ekibi kırılabilecek cam/kaplama çevresini kapatsın.~Olay yöneticisi resmî hava uyarısı ve tesise özgü koşullara göre bekleme/tahliyeyi yönetsin.|Dış saha ekipmanını, çatıyı ve yolları yetkin kişiye kontrol ettirin.~Rüzgâr sonrası gevşek yükleri güvenli yöntemle düzeltin.|Açık alanda malzeme tutmak için riske girmeyin.~Hava sınırlarını üretim hedefi için aşmayın.|Hava koşulu ve yapı/ekipman kontrolü birlikte uygun bulunduğunda.|ruzgar_sinirlari~saglam_korunma~askili_ekipman~kontrol_sorumlusu
AD-043|Açık saha için yıldırım uyarısı ve güvenli kapalı alanı belirleyin.~İşi durdurma/yeniden başlatma kararını görevliye bağlayın.|Yıldırım uyarısında açık saha ve yüksekte işi durdurun.~Sağlam kapalı yapı veya uygun kapalı araç gibi belirlenmiş güvenli yere gidin.~Tek ağaç, metal direk, su ve açık alanlardan uzak durun.|Saha sorumlusu ekiplerin korunma noktasına ulaştığını kontrol etsin.~Elektrik/proses görevli ekipmanı yalnız güvenli zaman ve yöntemle bıraksın.~Yaralı varsa 112 ve ilkyardım desteği güvenli ortamda sağlansın.|Yıldırım etkilenmiş tesisat ve ekipmanı teknik incelemeye alın.~İşin yeniden başlamasını hava uyarı planına göre yönetin.|Açık alanda yalnız ağacın altına sığınmayın.~Yıldırım tehlikesi sürerken ekipman toplamak için dışarı çıkmayın.|Tesise özgü hava güvenliği kararı ve gerekli elektrik kontrolleri sonrası.|yildirim_uyarisi~korunma_yeri~saha_sayimi~yeniden_baslama_yetkilisi
AD-044|Su, serinleme ve yeni çalışana uyum düzeni sağlayın.~Isı hastalığı belirtileri ve ilkyardımcıya ulaşımı öğretin.|Ağır halsizlik, bilinç değişikliği veya bayılmayı gecikmeden bildirin.~Güvenliyse kişiyi serin alana alın ve ilkyardımcı/112 çağırın.~Kişiyi yalnız bırakmayın; bilinci bozuk kişiye ağızdan sıvı vermeyin.|İlkyardımcı eğitimine ve 112 yönlendirmesine göre serinletme ve destek uygulasın.~Görevli aynı sıcaklığa maruz diğer çalışanları serin güvenli alana yönlendirsin.~Olay yöneticisi ısı kaynağı ve çalışma düzenini duruş/azaltma yönünden değerlendirsin.|Kişinin işe dönüşünü sağlık değerlendirmesine bağlayın.~Isıl yük, mola ve su düzenini olaydan sonra düzeltin.|Belirtileri yalnız yorgunluk diye geçiştirmeyin.~Bilinç değişikliğinde kendi başına araç kullanmasına izin vermeyin.|Çalışma koşulları yeniden değerlendirilince; kişi için sağlık yönlendirmesi esastır.|serin_alan~su_noktasi~ilkyardimci~112_erisim~isi_kaynagi
AD-045|Soğuk ortam çalışma ve kontrol aralıklarını belirleyin.~Isınma yeri ve haberleşme kaybı yanıtını hazırlayın.|Titreme, uyuşma veya bilinç değişikliğini bildirin.~Güvenliyse kişiyi soğuktan korunan alana alın.~İlkyardımcıyı çağırın; ağır etkilenme veya mahsur kalmada 112'ye konumu verin.|İlkyardımcı eğitimine göre koruma ve ısıtma desteği sağlasın.~Görevli diğer kişilerin yerini kontrol edip soğuk maruziyetini durdursun.~Kurtarma gerektiren noktada uzman ekiple güvenli erişim kurulsun.|Islak giysi ve ekipman sorununun nedenini giderin.~İşe dönüşü sağlık değerlendirmesine göre planlayın.|Donmuş bölgeyi sertçe ovuşturmayın.~Bilinci bozuk kişiye yiyecek/içecek vermeyin.|Ortam ve erişim koşulları güvenli; kişi sağlık yönlendirmesine uygun olduğunda.|isinma_yeri~haberlesme~ilkyardimci~mahsur_erisim
AD-046|Şev hareket işaretleri ve tahliye yönünü belirleyin.~Jeoteknik uyarı ve güvenli sınırı sahada gösterin.|Çatlak veya hareket alarmında etki alanından uzaklaşın.~Düşen bloğu görmek için şev altına yaklaşmayın.~Kişi ve konum bilgisini saha sorumlusuna güvenli yerden bildirin.|Teknik sorumlu titreşim, yükleme ve yaklaşan araçları durdursun.~Koruma ekibi etki alanını ve komşu yolları kapatsın.~Eksik kişi varsa profesyonel kurtarma ve jeoteknik ekibi birlikte yönlendirin.|Şevi yetkin uzman yeniden değerlendirsin.~Yeni destek ve yaklaşma sınırı olmadan işi başlatmayın.|Göçük bölgesine plansız kurtarma için girmeyin.~Şev kenarına kalabalık veya araç yığmayın.|Jeoteknik değerlendirme ve güncellenmiş güvenli çalışma planıyla.|sev_siniri~uyari_isaretleri~tahliye_yonu~jeoteknik_yetkili
AD-047|Asansör acil haberleşme ve servis irtibatını görünür tutun.~Yetkili kurtarma prosedürünü bina sorumlusuyla belirleyin.|Kabin içindeyseniz alarm/haberleşme düğmesini kullanıp konumunuzu bildirin.~Kapıyı zorlamayın ve kabin açıklığından çıkmaya çalışmayın.~Sağlık sorunu veya yangın/duman varsa bunu haberleşme görevlisine ve 112'ye iletin.|Görevli kabinle iletişimi sürdürüp yetkili asansör servisini çağırsın.~Koruma ekibi kat kapısı ve kuyu erişimini kapatsın.~Kurtarmayı yalnız yetkili prosedürle eğitimli teknik ekip yapsın.|Asansörü arıza giderilip kontrol edilene kadar hizmet dışı tutun.~Kabin alarmı ve iletişim işlevini test ettirin.|Kat seviyesinde değilken dışarı atlamayın.~Eğitimsiz kişi fren/kapı mekanizmasına müdahale etmesin.|Yetkili asansör servisinin güvenli kullanım kararı sonrası.|asansor_kodu~kabin_alarm~servis_telefonu~bina_sorumlusu
AD-048|İç açma ve yardım alarmını gerçek çalışma koşulunda sınayın.~Soğuk depo giriş/çıkış haberleşmesini belirleyin.|İçerideyseniz iç açma ve alarmı kullanın; yerinizi bildirin.~Kapıya zarar vererek yeni sıkışma riski oluşturmayın.~Dışarıdaki kişi içeride kişi kaldığını bildirip ilkyardımcı/112 gereksinimini değerlendirsin.|Görevli güvenli dış açma yöntemini uygulayıp içerideki kişiyi çıkarsın.~Teknik ekip otomatik kapanma ve soğutma tehlikesini güvenli şekilde yönetsin.~İlkyardımcı soğuk etkilenmesini eğitimine ve sağlık yönlendirmesine göre değerlendirsin.|Kapı ve alarm arızasını giderin.~İçeride kalma nedenini giriş/çıkış düzeniyle birlikte inceleyin.|İçeride kalan kişiyi yalnız ve iletişimsiz bırakmayın.~Kilit arızası giderilmeden depoyu olağan kullanıma açmayın.|Kapı/iç açma/alarm işlevi teknik olarak test edilince.|ic_acma~alarm~dis_acma~depo_sorumlusu~isinma_yeri
AD-049|Kritik yük, UPS ve jeneratör önceliklerini belirleyin.~Kararma durumunda güvenli duruş ve kaçış planını hazırlayın.|Makine veya karanlık alanda güvenli duruma geçip çevrenizi kontrol edin.~Acil aydınlatma yetersizse belirlenmiş güvenli çıkışı kullanın.~Mahsur kişi ve kesintiden etkilenen kritik işi bildirin.|Teknik ekip güvenli duruş ve yedek beslemeyi yük önceliğine göre yönetsin.~Görevliler asansör, kapalı alan ve yaşam destekli hizmetleri kontrol etsin.~Olay yöneticisi yangın/alarm/iletişim kaybına göre işi kısıtlayıp tahliyeyi değerlendirsin.|Enerji gelince otomatik hareket riskini kontrol edin.~Yeniden başlatmayı alan sorumlularının kontrolüyle kademeli yapın.|Jeneratörü kapalı hacimde çalıştırmayın.~Enerji döndüğünde tüm makineleri kontrolsüz başlatmayın.|Enerji, güvenlik sistemleri ve kontrollü başlatma koşulları sağlandığında.|kritik_yukler~UPS_jenerator~acil_aydinlatma~mahsur_kisi_kontrolu
AD-050|Kritik soğutma akışı ve yedek sistemleri tanımlayın.~Prosese özgü güvenli duruş sırasını onaylı talimatta tutun.|Soğutma alarmını kontrol odasına gecikmeden bildirin.~Isınan ekipman veya reaksiyon bölgesinden uzaklaşın.~Üreticinin/prosesin talimatı dışında vana, su veya enerjiyle müdahale etmeyin.|Yetkili operatör besleme ve ısıtmayı onaylı güvenli sırayla yönetsin.~Proses uzmanı biriken ısı ve basınca göre tahliye sınırını belirlesin.~Olay yöneticisi dış yardım ve komşu alan bilgilendirmesini başlatsın.|Soğutma nedeni ve koruma işlevini teknik inceleyin.~Yeniden başlatmayı sıcaklık/basınç kararlılığı ve onaylı plana bağlayın.|Sıcak sisteme doğaçlama ani su vermeyin.~Koruma sistemini atlayarak üretime devam etmeyin.|Proses uzmanının kararlılık ve yedek koruma değerlendirmesiyle.|sogutma_sistemi~proses_durus_talimati~sicaklik_basinc~proses_yetkilisi
AD-051|Havalandırmaya bağlı tehlikeli işleri ve alarmı belirleyin.~Hava kaybında duruş/tahliye sınırını hazırlayın.|Havalandırma alarmında zararlı madde oluşturan işi bırakın.~Güvenli temiz alana çıkın; koku veya görünür toza göre beklemeyin.~Alan sorumlusuna kesinti ve içerideki kişi bilgisini bildirin.|Teknik görevli tehlikeli üretimi güvenli prosedürle durdursun.~Koruma ekibi etkilenmiş hacimlere erişimi kapatsın.~Yetkin ekip hava performansı ve gerekiyorsa atmosfer ölçümünü yapsın.|Filtre, fan, kanal ve kontrol arızasını giderin.~Emiş etkinliğini gerçek çalışma koşulunda yeniden kontrol edin.|Fan sesi gelmesini yeterli hava performansı saymayın.~Ölçüm gerektiren hacme kontrolsüz girmeyin.|Hava performansı ve gerekli atmosfer koşulları doğrulanınca.|havalandirma_alarmi~tehlikeli_proses~temiz_alan~olcum_ihtiyaci
AD-052|İlkyardımcı, ilk yardım malzemesi ve varsa OED/AED yerini görünür tutun.~112 için açık adres, giriş ve karşılama noktasını hazırlayın.|Olay yerinin güvenliğini sağlayıp ilkyardımcıyı çağırın.~Bir kişiyi 112'yi aramak, diğerini varsa OED/AED ve malzemeyi getirmek için görevlendirin.~Kişiyi yalnız bırakmayın; 112'nin talimatlarını izleyin ve gereksiz hareket ettirmeyin.|İlkyardımcı eğitimine uygun bilinç/solunum değerlendirmesi ve gerekli desteği sağlasın.~OED/AED varsa cihazın yönlendirmesi ve eğitim sınırında kullanılsın; cihaz yoksa getirme çabası yardımı geciktirmesin.~Görevli ambulansı girişte karşılayıp sağlık ekibine olay ve yapılan işlemleri aktarsın.|Sağlık ekibine güvenli devir ve olay kaydı yapın.~Kullanılan malzemeyi tamamlayıp yardım erişimindeki gecikmeleri düzeltin.|Bilinçsiz kişiye ağızdan yiyecek, içecek veya ilaç vermeyin.~Eğitiminiz dışında tıbbi işlem veya teşhis yapmayın.|Ortam tehlikesi yoksa genel bina tahliyesi gerekmez; kişinin işe dönüşünü sağlık yetkilisi belirler.|ilkyardimci~ilkyardim_kiti~OED_varsa_yeri~acik_adres~ambulans_karsilama
AD-053|Çoklu yaralı için sağlık ekibi erişim ve toplanma alanını belirleyin.~Yaralı sayımı ve bilgi iletimi görevlerini planlayın.|İkinci kazaya maruz kalmadan kendinizi güvenli alana alın.~112'ye birden fazla yaralı olduğunu, yaklaşık sayıyı ve devam eden tehlikeyi bildirin.~Yaralıları gereksiz yere taşımayın; profesyonel yönlendirmeyi bekleyin.|Olay yöneticisi tehlikeli alanı ayırıp sağlık ekiplerine erişim açsın.~İlkyardımcılar eğitim ve 112 yönlendirmesiyle destek versin; tıbbi triyajı uzman sağlık ekibi yönetsin.~Koruma ekibi yaralı/eksik kişi bilgisini tek noktada toplasın.|Sağlık kurumuna sevk bilgilerini yetkili ve gizli kayıtta tutun.~Ekipman ve alanı inceleme tamamlanmadan yeniden açmayın.|Eğitimsiz kişilere tıbbi triyaj görevi vermeyin.~Ambulans girişini meraklı kalabalıkla kapatmayın.|Olayın asıl kaynağı teknik olarak güvenli bulununca.|112_adres~yarali_toplanma~ambulans_erisim~sayim_sorumlusu
AD-054|Kesici atık ve maruziyet sonrası sağlık başvuru yolunu belirleyin.~Uygun el yıkama, göz yıkama ve koruyucuyu erişilebilir tutun.|İşlemi bırakıp maruziyeti gecikmeden bildirin.~Eğitimdeki uygun ilk temizleme yöntemini uygulayın; göz teması varsa ilgili yıkama düzenini kullanın.~Sağlık değerlendirmesine hızla başvurun; kaynak bilgisini gizlilikle yetkili birime iletin.|Görevli kontamine kesici veya materyali güvenli atık düzenine alsın.~Sağlık birimi maruziyet sonrası değerlendirme ve takip gereksinimini belirlesin.~Sorumlu alanda ikinci maruziyeti önleyip uygun temizliği yönetsin.|Takibi sağlık biriminin planına göre sürdürün.~Kesici ve işlem tekniği nedenini inceleyin.|Yarayı sıkmayın veya aşındırıcı kimyasal sürmeyin.~Kişisel sağlık bilgilerini genel risk raporuna yazmayın.|Kontaminasyon temizlenip alan güvenli bulunduğunda; kişi için sağlık yönlendirmesi esastır.|maruziyet_basvuru_yolu~yikama~kesici_atik~saglik_irtibat
AD-055|Gıda tedarik, menü ve tüketim kayıtlarını erişilebilir tutun.~Toplu rahatsızlanma bildirim ve sağlık yönlendirmesini belirleyin.|Benzer belirtileri ve ortak tüketimi sorumluya bildirin.~Şüpheli yiyecek/içecek tüketimini durdurun.~Ağır belirtilerde 112'ye etkilenen sayıyı ve durumu iletin.|Sorumlu şüpheli gıdayı imha etmeden güvenli ayırsın ve kayıtları korusun.~Sağlık ekibi etkilenenleri değerlendirip yetkili sağlık otoritesiyle koordine olsun.~Gıda sorumlusu hazırlama, saklama ve servis noktalarını kontaminasyon yönünden inceletsin.|Yetkili numune/inceleme sürecine destek olun.~Kaynak giderilmeden ilgili gıdayı veya mutfak sürecini yeniden açmayın.|Belirtileri bastırmak için gelişigüzel ilaç vermeyin.~Şüpheli ürünü kayıt tutulmadan atmayın.|Sağlık/gıda yetkilisinin kaynak ve hijyen değerlendirmesi sonrası.|menu_tuketim_kaydi~tedarikci~saglik_irtibat~supheli_urun_yeri
AD-056|Sağlık otoritesi iletişimi ve işyeri bilgilendirme düzenini kurun.~Havalandırma, hijyen ve hastalık bildirimini planlayın.|İlişkili hastalık veya resmî uyarıyı yetkili sorumluya bildirin.~Belirti gösteren kişi için mahremiyeti koruyan sağlık yönlendirmesini izleyin.~İşyerinin bulaş azaltma tedbirlerine uyun; doğrulanmamış kişisel bilgileri paylaşmayın.|İşyeri hekimi/yetkili sağlık birimi risk ve takip gereksinimini değerlendirsin.~İşveren havalandırma, temizlik ve çalışma düzenini sağlık önerisine göre uyarlasın.~Olay koordinatörü doğrulanmış bilgiyi çalışanlara anlaşılır biçimde iletsin.|Tedbirleri sağlık otoritesi yönlendirmesiyle güncelleyin.~Kişisel sağlık kayıtlarını genel rapordan ayrı ve yetkili erişimde tutun.|Her hastalık bildirimi için otomatik bina tahliyesi başlatmayın.~Kişileri tanı veya söylentiye göre damgalamayın.|Hastalık türüne özgü sağlık otoritesi ve işyeri hekimi yönlendirmesine göre.|saglik_irtibat~bilgilendirme_kanali~havalandirma~mahrem_basvuru
AD-057|Kaynak envanteri ve radyasyon güvenliği sorumlusunu belirleyin.~Olayda yetkili bildirim zincirini hazırlayın.|Kaynak kaybı/hasarı veya alarmı bildirip uzaklaşın.~Kaynağı aramak, taşımak veya koruyucuyu açmak için yaklaşmayın.~Yaklaşan kişileri güvenli mesafeden uyarın.|Radyasyon güvenliği sorumlusu alanı ve erişim sınırını belirlesin.~Yetkili teknik/kurumsal bildirimler ve gerektiğinde 112 koordinasyonu sağlansın.~Yalnız yetkilendirilmiş uzman ekip ölçüm ve kaynak kontrolünü yürütsün.|Maruziyet ihtimalini yetkili sağlık/radyasyon ekibi değerlendirsin.~Kaynak kontrolü ve olay kaydını ilgili düzenlemeye göre tamamlayın.|Kaynağı sıradan atık veya metal parça sanıp almayın.~Genel işyeri maskesini radyasyon kalkanı saymayın.|Yetkili radyasyon güvenliği değerlendirmesi ve kurum talimatıyla.|kaynak_kodu~radyasyon_sorumlusu~bildirim_zinciri~erisim_siniri
AD-058|MR kontrollü erişim, quench hattı ve oksijen alarmını belirleyin.~MR uyumlu kurtarma/taşıma donanımını planlayın.|Gaz boşalması veya alarmda MR odasından güvenli çıkışı kullanın.~Buhar bulutuna veya mıknatıs odasına geri girmeyin.~İçeride kalan kişi ve sistem durumunu MR görevlisine bildirin.|MR yetkilisi üretici acil prosedürünü uygulasın.~Görevliler MR uygunluğu olmayan tüp, sedye ve aleti kontrollü alana sokmasın.~Uzman ekip atmosfer ve magnet durumunu değerlendirirken sağlık ekibi güvenli bölgede hazır olsun.|Quench hattı, oda basıncı ve oksijen koşullarını teknik inceleyin.~MR tekrar kullanımını yetkili servis ve klinik karara bağlayın.|Magnetin artık güvenli olduğunu gaz boşalmasına bakarak varsaymayın.~Eğitimsiz kişi acil magnet düğmesine müdahale etmesin.|MR yetkilisi/servis ve atmosfer güvenliği değerlendirmesi sonrası.|MR_yetkilisi~quench_hatti~oksijen_alarmi~MR_uyumlu_kurtarma
AD-059|Kıyıdan erişilebilen can kurtarma ekipmanını belirleyin.~Su üstü kurtarma ve dış yardım konum bilgisini hazırlayın.|Kişinin düştüğü yeri gözden kaybetmeden alarm verin.~Güvenli kıyıdan uygun uzatma veya atma ekipmanını eğitim sınırında kullanın.~112'ye suya düşme, yer ve akıntı bilgisini verin.|Görevli kıyı erişimini ve ikinci düşme riskini yönetsin.~Eğitimli kurtarma ekibi su koşullarına uygun yöntemle müdahale etsin.~İlkyardımcı çıkarılan kişiye eğitimine ve 112 yönlendirmesine göre desteklesin.|Kişiyi sağlık değerlendirmesine yönlendirin.~Kıyı koruması ve kurtarma ekipmanını yeniden kontrol edin.|Eğitimsiz ve donanımsız şekilde suya atlamayın.~Akıntı veya emiş alanına plansız yaklaşmayın.|Kıyı/erişim koşulu ve kurtarma donanımı güvenli hale geldiğinde.|kiyi_konumu~atma_uzatma_ekipmani~akinti~kurtarma_ekibi
AD-060|Trafik durdurma ve güvenli sağlık erişim noktalarını belirleyin.~Araç yakıt/batarya ve yük bilgisini erişilebilir tutun.|İkinci çarpışmaya karşı güvenli yerde durup alarm verin.~Trafik güvenliği sağlanmadan yaralıya yaklaşmayın.~112'ye konum, araç türü, sıkışma ve yaralı sayısını bildirin.|Görevli araç akışını güvenli planla durdursun.~Teknik/kurtarma ekibi aracın hareket, yük ve enerji tehlikesini kontrol etsin.~İlkyardımcı güvenli erişimden sonra eğitim ve sağlık yönlendirmesiyle desteklesin.|Araç ve yol düzenini olay incelemesine alın.~Yük ve sızıntılar güvenli hale gelmeden yolu açmayın.|Yaralıyı araçtan zorla çekmeyin.~Trafikte görünmez ve korunmasız şekilde durmayın.|Araç/yük/enerji güvenliği ve saha trafik sorumlusunun kararıyla.|kaza_konumu~trafik_durdurma~arac_enerjisi~ambulans_erisim
AD-061|Liman operasyonu yük ve hareket sınırını belirleyin.~Kurtarma ekibine verilecek konteyner/yük bilgisini hazırlayın.|Düşen veya salınan yükün etki alanından uzaklaşın.~Konteyner/askı altına kişi aramak için girmeyin.~Operasyon sorumlusuna ve 112'ye eksik kişi ve yük konumunu bildirin.|Vinç ve araç operasyonunu yetkili tek komuta ile durdurun.~Uzman ekip yükü ve komşu istifi güvenli destekle stabilize etsin.~Koruma ekibi liman yollarını ve sağlık erişimini ayrı yönetsin.|Kaldırma ve istif düzenini teknik incelemeye alın.~Konteyner içeriği tehlikeliyse kimyasal senaryo ve yetkili bildirimi ekleyin.|Kararsız konteyneri doğaçlama araçla itmeyin.~Diğer vinçlerle plansız kaldırma yapmayın.|Liman operasyonu, kaldırma ve yük güvenliği yetkililerinin kararıyla.|konteyner_yuk_bilgisi~vinc_kodu~operasyon_sorumlusu~saglik_yolu
AD-062|Yardım alarmı ve güvenli uzaklaşma/korunma yerini belirleyin.~Şiddet riski yüksek görevlerde yalnız çalışmayı değerlendirin.|Tehditle tartışmayı büyütmeden güvenli mesafeye geçin.~Güvenli kaçış varsa uzaklaşın; yoksa güvenli yerde korunup erişimi sınırlandırın.~Güvenli yerden 112'ye konum ve tehdidi bildirin.|Görevli güvenlik ekibi yalnız yetki ve eğitim sınırında alanı yönetsin.~Olay yöneticisi diğer çalışanları tehlikeli güzergâhtan uzak tutsun.~Sağlık ve kolluk ekiplerine güvenli erişim sağlansın.|Etkilenenlere gizli profesyonel destek erişimi sağlayın.~Olay ve erişim düzenini inceleyip tekrarını önleyin.|Çalışanları saldırganı yakalamaya göndermeyin.~Güvenli değilse olayı görüntülemek için yaklaşmayın.|Kolluk/olay yöneticisinin tehdidin sona erdiğini bildirmesiyle.|yardim_alarmi~guvenli_korunma~112_konum~guvenlik_irtibat
AD-063|Şüpheli nesne bildirim zincirini belirleyin.~Kollukla koordine alan ayırma ve alternatif yol planını hazırlayın.|Pakete dokunmayın, açmayın veya yerini değiştirmeyin.~Yakın çevreyi sakin biçimde uzaklaştırın.~Güvenli noktadan sorumluya ve 112'ye konum bilgisini verin.|Koruma ekibi erişimi kapatıp yetkili kolluğu beklesin.~Olay yöneticisi tahliye/korunma kararını kolluk yönlendirmesiyle uygulasın.~Görevli paketin görüldüğü yer ve zamanı kayda alsın.|Kolluk talimatına göre erişim sınırını koruyun.~Olay kaydı ve bildirim sürecini değerlendirin.|Paketi taşımayın veya test etmeyin.~Çalışanlara cihaz araştırma ya da etkisizleştirme görevi vermeyin.|Yetkili kolluğun alanı güvenli ilan etmesiyle.|paket_konumu~bildirim_sorumlusu~alternatif_yol~kolluk_irtibat
AD-064|İhbar alan personel için bilgi kayıt ve bildirim düzenini hazırlayın.~Kollukla koordine tahliye alternatiflerini belirleyin.|İhbarı sakinlikle alın; bilinen söz, zaman ve iletişim bilgisini kaydedin.~Güvenli biçimde sorumluya ve 112'ye bildirin.~Yetkili tahliye/korunma talimatına uyun; söylenti yaymayın.|Olay yöneticisi kollukla kararı ve güvenli güzergâhı koordine etsin.~Koruma ekibi girişleri ve toplanmayı verilen talimata göre yönetsin.~İletişim görevlisi kaydı yetkililere teslim etsin; çalışanları şüpheli nesneye müdahaleye göndermesin.|Yetkili inceleme tamamlanana kadar erişimi kapalı tutun.~Bildirim ve tahliye performansını değerlendirin.|İhbarı şaka kabul ederek yok saymayın.~Şüpheli nesne bulmak için plansız arama ekibi kurmayın.|Kolluk ve olay yöneticisi güvenli dönüş bildirdiğinde.|ihbar_kayit_formu~kolluk_irtibat~tahliye_alternatifleri~iletisim_sorumlusu
AD-065|Dış toksik yayılımda korunma alanı ve havalandırma kontrolünü belirleyin.~Resmî uyarı kanalını ve bina sızdırmazlık sınırlamalarını tanıyın.|Yetkili sığınma uyarısında belirlenen kapalı korunma alanına geçin.~Dış kapı ve pencereleri güvenli biçimde kapatın; dışarıdaki buluta doğru tahliye olmayın.~Yer ve kişi durumunu görevliye bildirin; resmî talimatı izleyin.|Teknik görevli dış hava alımını tesisin güvenli planına göre yönetsin.~Olay yöneticisi yetkili kurumdan bulut ve alternatif tahliye bilgisini alsın.~Görevliler korunma alanı kişi sayısı ve özel destek gereksinimini koordine etsin.|Dış ortam güvenliği teyidinden sonra binanın havalandırılmasını teknik ekip yönetsin.~Etkilenme şüphesini sağlık birimine iletin.|Her dış kimyasal olayda otomatik açık alan toplanmasına çıkmayın.~HVAC'yi kapatırken yaşam desteği veya kritik proses etkisini göz ardı etmeyin.|Yetkili dış uyarının kalkması ve gerekli iç ortam değerlendirmesiyle.|korunma_alani~dis_hava_kontrolu~resmi_uyari~alternatif_tahliye
AD-066|Komşu tesis irtibatı ve etki senaryolarını hazırlayın.~Sığınma ve tahliye alternatiflerini ayrı tanımlayın.|Komşu alarmını veya resmî uyarıyı sorumluya bildirin.~Görmek için tesis sınırına yaklaşmayın.~Olay türüne göre verilen korunma/tahliye kararını izleyin.|Olay yöneticisi komşu tesis ve yetkili kurumdan doğrulanmış bilgi alsın.~Teknik ekip yangın, toksik bulut veya basınç etkisine göre güvenli işletme durumunu değerlendirsin.~Görevliler sayım ve yardıma ihtiyacı olan kişilerin durumunu takip etsin.|Komşu olay etkisini yapı, ortam ve tesisat bakımından inceleyin.~Ortak iletişim planını yaşanan gecikmelere göre güncelleyin.|Alarmın türünü tahmin ederek yanlış yönde tahliye etmeyin.~Komşu tesise yardım için eğitimsiz ekip göndermeyin.|Yetkili kurum ve işyeri teknik değerlendirmesinin ortak kararıyla.|komsu_irtibat~etki_senaryosu~siginma~alternatif_toplanma
AD-067|Drenaj ve yüzey suyu bağlantılarını plan üzerinde gösterin.~Kimyasala uygun çevresel salım müdahale sınırını belirleyin.|Salımı ve akış yönünü güvenli yerden bildirin.~Sıvıyla temas etmeyin ve yayılım alanına girmeyin.~Etkilenen kişi veya büyük tehlike varsa 112'yi bilgilendirin.|Eğitimli ekip yalnız güvenliyse kaynağı durdurup uyumlu sistemle yayılımı sınırlasın.~Çevre sorumlusu drenaj/su etkisini ve gerekli yetkili bildirimleri yönetsin.~Kimlik veya miktar belirsizse uzman kimyasal müdahale ekibine geçin.|Kirli malzeme ve suyu yetkin atık planıyla yönetin.~Salım nedeni ve tutma kapasitesini düzeltin.|Salımı kanalizasyona yıkamayın.~Kimyasal uyumu bilinmeyen emici veya nötralizan kullanmayın.|Temizlik ve maruziyet/çevre kontrolleri uygun bulununca.|drenaj_plani~kimyasal~uyumlu_bariyer~cevre_sorumlusu
AD-068|Yangın sistem kesinti izin ve geçici koruma planını hazırlayın.~Koruma kaybında durdurulacak yüksek riskli işleri belirleyin.|Algılama veya söndürme kaybını görevliye bildirin.~Geçici yangın gözetimi ve çalışma kısıtlarına uyun.~Yangın belirtisinde arızalı sistemi beklemeden güvenli alarm/112 yolunu kullanın.|Teknik görevli arızayı ve etkilenen bölgeyi sınırlandırsın.~Olay yöneticisi geçici tedbir yetersizse işi durdursun veya alanı boşaltsın.~Görevliler sıcak iş ve yanıcı yük artışını kısıtlayıp onarımı önceliklendirsin.|Sistem geri geldiğinde işlev testini kaydedin.~Kesinti kapatma ve normalleşmeyi tüm ilgili birimlere bildirin.|Geçici gözetimi süresiz kalıcı çözüm yapmayın.~Sistemin enerjisi geldi diye çalıştığını varsaymayın.|Koruma işlevi test edilmiş ve kesinti sorumlusu normalleşmeyi bildirmişse.|etkilenen_sistem~kesinti_izni~gecici_koruma~onarim_sorumlusu
AD-069|Güncel çıkış, toplanma ve sayım görevlerini belirleyin.~Personel, yüklenici ve ziyaretçileri kapsayan kayıt düzeni kurun.|Tahliye alarmı, yetkili talimat veya yakın ciddi tehlikede işi güvenli biçimde bırakın.~Güvenli çıkıştan ayrılın; normal asansörü kullanmayın ve eşya toplamak için dönmeyin.~Toplanma yerinde sayım sorumlusuna kendinizi bildirin; yerinizi habersiz değiştirmeyin.|Görevliler yalnız güvenli sınırda tahliye akışını ve özel desteği yönetsin.~Sayım sorumlusu bulunanları kayıtlarla eşleştirsin; eksik kişinin son bilinen yerini kaydetsin.~Olay yöneticisi eksik kişi bilgisini profesyonel kurtarma ekibine iletsin; çalışanları geri göndermesin.|Sayım sonucunu tek kayıt noktasında tutun.~Çıkış ve haberleşme sorunlarını olay/tatbikat sonrası düzeltin.|Eksik kişiyi aramak için binaya geri girmeyin.~Toplanma yerini olay etkisi altında olduğu halde kullanmayın.|Olay türüne özgü teknik/kurumsal güvenli dönüş izniyle.|alarm_talimat~guvenli_cikis~toplanma~sayim_listesi~alternatif_alan
AD-070|Yardım ihtiyacını kişiye danışarak ve mahremiyetle belirleyin.~Asıl/yedek yardımcı ve uygun tahliye aracını planlayın.|Tahliye alarmında önceden kararlaştırılan yardım yöntemini izleyin.~Yardımın nerede gerektiğini görevliye bildirin; güvenli olmayan yola tek başınıza ilerlemeyin.~Belirlenmiş güvenli bekleme kullanılıyorsa konumunuzu ve iletişimi koruyun.|Eğitimli yardımcılar kişiye uygun ve planlanmış yöntemi uygulasın.~Görevli kullanılan bekleme alanının güvenlik koşulunu olay türüne göre kontrol etsin.~Olay yöneticisi yardım tamamlanmasını sayım ve profesyonel kurtarmayla koordine etsin.|Kişiyle birlikte yöntemin işe yarayıp yaramadığını değerlendirin.~Yardımcı yokluğu veya ekipman sorununa göre planı güncelleyin.|Kişiyi eğitimsizce kucağa alıp merdivenden taşımayın.~Normal asansörü tahliye aracı kabul etmeyin; yalnız tasarlanmış ve yetkili plana bağlı sistem istisnadır.|Olay izinleri ve erişilebilir güzergâh güvenliği sağlandığında.|yardim_plani~asil_yedek~tahliye_araci~guvenli_bekleme~iletisim
AD-071|Madenin özel güvenlik ve acil planını esas alın.~Alarm, kaçış ve profesyonel kurtarma irtibatını vardiyada tanıtın.|Atmosfer veya su alarmında işletmenin belirlenmiş geri çekilme talimatını uygulayın.~Belirlenmiş kaçış yolunda ilerleyip gözetim noktasına durumunuzu bildirin.~Kapalı veya gazlı alana ekip arkadaşını aramak için geri dönmeyin.|Maden yetkilisi işletmeye özgü havalandırma, enerji ve tahliyeyi yönetsin.~Vardiya sorumlusu yeraltı kişi sayımını ve son konumları profesyonel ekibe aktarsın.~Yalnız yetkili maden kurtarma ekibi özel planla müdahale etsin.|Atmosfer, su ve tahkimat durumunu yetkin ekip değerlendirsin.~Genel bina kartı yerine maden özel planını güncelleyin.|Genel sihirbaz kartını maden kurtarma prosedürü yerine kullanmayın.~Yetkisiz yeniden giriş yapmayın.|Maden yetkilisi ve özel mevzuat/prosedür kapsamındaki güvenli giriş kararıyla.|maden_ozel_plani~yer_alti_sayimi~kacis~kurtarma_irtibat
AD-072|İletişim ve otomasyon kaybında kullanılacak yedek kanalı belirleyin.~Kritik prosesin yerel güvenli duruş talimatını hazırlayın.|Kontrol veya iletişim kaybını mümkün olan yedek kanaldan bildirin.~Durumu bilinmeyen makine/prosesten güvenli uzaklıkta kalın.~Talimat ve güvenlik işlevi olmadan üretime devam etmeyin.|Yetkili operatör güvenli yerel/bağımsız duruş yöntemini uygulasın.~Olay yöneticisi telsiz, basılı liste ve fiziksel sayım gibi yedek iletişimi başlatsın.~Teknik ekip otomasyon ve güvenlik sisteminin ayrı durumlarını değerlendirip kontrollü toparlamayı yönetsin.|Sistem geri döndüğünde komut ve saha durumunu eşleştirin.~Bekleyen otomatik komutları kontrol etmeden yeniden başlatmayın.|Sadece ekran geldi diye prosesin güvenli olduğunu varsaymayın.~Güvenlik kilitlerini iletişim yok diye köprülemeyin.|Saha durumu, güvenlik işlevleri ve kontrollü yeniden başlatma teyit edilince.|yedek_kanal~yerel_durus~kritik_proses~sayim~teknik_sorumlu
